ccode,startyear,caseList,durationMons,VicSide3,Const,rgdpna,polity2,tpop,milper,relfrac,ethfrac,lmtnest,sos,coup,Oil,rebInt,govInt,Incomp
2,2001,al-Qaida ,15,0,1,3.67791330473357,10,12.5606373645095,7.2211050981825,0.595999956130981,0.356950104236603,3.21486783027649,0,0,0,0,1,1
42,1965,Military faction (constitutionalists),4,1,1,0.699289005655827,0,8.24433404785609,2.83321334405622,0.0950000286102295,0.0369887948036194,2.85647010803223,0,1,0,0,0,1
52,1990,Jamaat al-Muslimeen,1,2,1,2.08650858435284,9,7.10249935577465,0.693147180559945,0.772599995136261,0.558431506156921,0,0,1,1,0,0,1
70,1994,EZLN,0,1,1,2.35698127871672,4,11.4027087325112,5.16478597392351,0.201799988746643,0.305108189582825,3.47196650505066,0,0,0,0,0,1
70,1996,EPR,3,0,1,2.3089678294745,4,11.4373179074618,5.16478597392351,0.201799988746643,0.305108189582825,3.47196650505066,0,0,0,0,0,1
90,1954,Forces of Carlos Castillo Armas,0,2,1,0.696297498153045,-6,8.05801080080209,1.94591014905531,0.373600006103516,0.643684148788452,3.76352286338806,0,1,0,0,0,1
90,1963,FAR I,5,0,1,0.836114063082173,-5,8.37054761107475,2.19722457733622,0.373600006103516,0.643684148788452,3.76352286338806,0,0,0,0,0,1
90,1965,FAR I,119,0,1,0.867781859530762,-5,8.42683075133585,2.30258509299405,0.373600006103516,0.643684148788452,3.76352286338806,0,0,0,0,0,1
90,1970,FAR II,143,0,1,1.00916518785851,1,8.56522116042682,2.56494935746154,0.373600006103516,0.643684148788452,3.76352286338806,0,0,0,0,0,1
90,1975,EGP,83,0,1,1.14288633691625,-3,8.70334075304372,2.56494935746154,0.373600006103516,0.643684148788452,3.76352286338806,0,0,0,0,0,1
90,1979,ORPA,25,0,1,1.27373825966005,-5,8.81373589230022,3.04452243772342,0.373600006103516,0.643684148788452,3.76352286338806,0,0,0,0,0,1
90,1981,FAR I,11,0,1,1.26125004769566,-5,8.86967937473352,3.29583686600433,0.373600006103516,0.643684148788452,3.76352286338806,0,0,0,0,0,1
90,1982,URNG,167,1,1,1.19711154106423,-7,8.89768231345422,3.40119738166216,0.373600006103516,0.643684148788452,3.76352286338806,0,0,0,0,0,1
92,1972,Military faction (forces of Benjamin Mejia),0,2,1,-1.12300561848533,-1,8.20740183337636,2.07944154167984,0.240800023078918,0.165918707847595,2.42480278015137,0,1,0,0,0,1
92,1979,FPL,3,0,1,-1.00482435677965,-4,8.39728289474368,2.63905732961526,0.240800023078918,0.165918707847595,2.42480278015137,0,0,0,0,0,1
92,1979,ERP,11,0,1,-1.00482435677965,-4,8.39728289474368,2.63905732961526,0.240800023078918,0.165918707847595,2.42480278015137,0,0,0,0,0,1
92,1980,FMLN,139,1,1,-1.11205601639587,-2,8.41360887515967,2.77258872223978,0.240800023078918,0.165918707847595,2.42480278015137,0,0,0,0,0,1
95,1989,Military faction (forces of Moisés Giroldi) ,0,2,1,1.85011213337872,8,7.76217060713821,2.63905732961526,0.254999995231628,0.260851562023163,2.56494927406311,0,1,0,0,0,1
100,1964,FARC,57,2,1,1.14797416350325,7,9.76909864949748,4.00733318523247,0.180000007152557,0.0601527094841003,3.64021420478821,0,0,0,0,0,1
100,1966,ELN,4,0,1,1.1577228284206,7,9.82379478362688,3.91202300542815,0.180000007152557,0.0601527094841003,3.64021420478821,0,0,0,0,0,1
100,1969,ELN,23,0,1,1.24480122998644,7,9.90268723236536,3.91202300542815,0.180000007152557,0.0601527094841003,3.64021420478821,0,0,0,0,0,1
100,1971,FARC,15,0,1,1.31670478772159,7,9.95645943730223,3.91202300542815,0.180000007152557,0.0601527094841003,3.64021420478821,0,0,0,0,0,1
100,1973,ELN,11,0,1,1.39785484847036,7,10.0142683518795,3.91202300542815,0.180000007152557,0.0601527094841003,3.64021420478821,0,0,0,0,0,1
100,1974,FARC,431,2,1,1.42313381226063,8,10.0448568979987,3.91202300542815,0.180000007152557,0.0601527094841003,3.64021420478821,0,0,0,0,0,1
100,1978,M-19,19,0,1,1.53633950703025,8,10.1228640172811,4.0943445622221,0.180000007152557,0.0601527094841003,3.64021420478821,0,0,0,0,0,1
100,1981,M-19,69,0,1,1.59206787766609,8,10.1821036529742,4.17438726989564,0.180000007152557,0.0601527094841003,3.64021420478821,0,0,0,0,0,1
100,1984,ELN,269,0,1,1.59022794801579,8,10.24195779182,4.24849524204936,0.180000007152557,0.0601527094841003,3.64021420478821,0,0,0,0,0,1
100,1984,EPL ,4,1,1,1.59022794801579,8,10.24195779182,4.24849524204936,0.180000007152557,0.0601527094841003,3.64021420478821,0,0,0,0,0,1
100,1987,EPL ,39,1,1,1.64365330828655,8,10.3280360751206,4.45434729625351,0.180000007152557,0.0601527094841003,3.64021420478821,0,0,0,0,0,1
100,1988,M-19,6,1,1,1.66524639883719,8,10.3462805579103,4.33073334028633,0.180000007152557,0.0601527094841003,3.64021420478821,0,0,0,0,0,1
100,2004,EPL ,2,0,1,1.82619024460265,7,10.6541486392967,5.31320597904179,0.180000007152557,0.0601527094841003,3.64021420478821,0,0,0,0,0,1
101,1962,Military faction (navy),5,2,1,2.07640476737598,6,8.97106743873209,3.13549421592915,0.0776000022888184,0.107347011566162,3.10458660125732,0,1,1,0,0,1
101,1982,Bandera Roja,6,2,1,2.30303583016717,9,9.67658695234421,4.02535169073515,0.0776000022888184,0.107347011566162,3.10458660125732,0,0,1,0,0,1
101,1992,Military faction (forces of Hugo Chávez) ,9,2,1,2.27386629653322,8,9.91586068859927,4.31748811353631,0.0776000022888184,0.107347011566162,3.10458660125732,0,1,1,0,0,1
135,1965,MIR,4,2,1,1.52645444937716,5,9.3472286240383,4.24849524204936,0.180000007152557,0.589686512947083,3.8836236000061,0,0,0,0,0,1
135,1965,ELN,0,2,1,1.52645444937716,5,9.3472286240383,4.24849524204936,0.180000007152557,0.589686512947083,3.8836236000061,0,0,0,0,0,1
135,1982,Sendero Luminoso,208,1,1,1.69831150467395,7,9.80609520652748,5.0998664278242,0.180000007152557,0.589686512947083,3.8836236000061,0,0,0,0,0,1
135,1989,MRTA,57,0,1,1.43982838760809,7,9.95764424348808,4.70048036579242,0.180000007152557,0.589686512947083,3.8836236000061,0,0,0,0,0,1
135,2007,Sendero Luminoso,25,2,1,1.84545057839911,9,10.2570275877794,4.38202663467388,0.180000007152557,0.589686512947083,3.8836236000061,0,0,0,0,0,1
145,1952,MNR,0,2,1,1.08616288578421,-4,8.0471895621705,2.19722457733622,0.0950000286102295,0.678132951259613,3.60821151733398,0,1,0,0,0,1
145,1967,ELN,7,2,1,1.19814222681504,-4,8.27563105457801,2.99573227355399,0.0950000286102295,0.678132951259613,3.60821151733398,0,0,0,0,0,1
150,1954,Military faction (forces of Alfredo Stroessner),0,2,1,0.693546099341922,-9,7.32974968904151,1.79175946922806,0.180000007152557,0.144922375679016,0.741937339305878,0,1,0,0,0,1
150,1989,Military faction (forces of Andres Rodriguez),0,2,1,1.41786183516249,2,8.31605572036464,2.77258872223978,0.180000007152557,0.144922375679016,0.741937339305878,0,1,0,0,0,1
155,1973,"Military faction (forces of Augusto Pinochet, Toribio Merino and Leigh Guzman) ",0,2,1,1.53925946867352,-7,9.21233837463886,4.31748811353631,0.195800006389618,0.140437066555023,4.07073450088501,0,1,0,0,0,1
160,1955,Military faction (forces of Eduardo A. Lonardi Doucet),3,2,1,1.78991947619659,-6,9.84839758621817,4.99721227376412,0.151199996471405,0.307319164276123,3.38099455833435,0,1,0,0,0,1
160,1963,Military faction (colorados),5,2,1,1.8393177976374,-1,9.98118906019998,5.04342511691925,0.151199996471405,0.307319164276123,3.38099455833435,0,1,0,0,0,1
160,1974,ERP,40,2,1,2.17818672136432,6,10.1514407827589,5.01063529409626,0.151199996471405,0.307319164276123,3.38099455833435,0,0,0,0,0,1
160,1975,Montoneros,26,2,1,2.15594469002326,6,10.1677346587288,5.07517381523383,0.151199996471405,0.307319164276123,3.38099455833435,0,0,0,0,0,1
165,1972,MLN/Tupamaros,8,0,1,1.63390359943449,-3,7.94449216393216,2.99573227355399,0.350799977779388,0.198162496089935,0,0,0,0,0,0,1
200,1971,PIRA,244,0,1,2.70604679143021,10,10.9318204281918,5.91350300563827,0.61379998922348,0.325454533100128,0.587786674499512,0,0,0,0,0,0
200,1998,RIRA,0,1,1,3.27542064202661,10,10.9793258036379,5.38449506278909,0.61379998922348,0.325454533100128,0.587786674499512,0,0,0,0,0,0
220,1961,OAS,14,0,1,2.29914886774363,5,10.7399338904046,6.5792512120101,0.185800015926361,0.261046767234802,2.44234704971314,0,0,0,0,0,1
230,1978,ETA,50,0,1,2.68619607716299,9,10.5125735454696,5.91889385427315,0.0774000287055969,0.435880899429321,3.11794996261597,0,0,0,0,0,0
230,1985,ETA,24,0,1,2.73254074412719,10,10.5577379674661,5.74939298590825,0.0774000287055969,0.435880899429321,3.11794996261597,0,0,0,0,0,0
230,1991,ETA,18,0,1,2.96610509433579,10,10.5692635362999,5.50533153593236,0.0774000287055969,0.435880899429321,3.11794996261597,0,0,0,0,0,0
343,2001,UCK,3,1,1,1.82317591935166,6,7.6182510978767,2.77258872223978,0.460200011730194,0.509563505649567,2.23720026016235,0,0,0,0,0,1
344,1992,Serbian irregulars,5,0,1,2.24073326032473,-3,8.40514368760761,4.63472898822964,0.382799983024597,0.334221005439758,1.52806544303894,0,0,0,1,0,0
344,1992,Serbian Republic of Krajina,19,1,1,2.24073326032473,-3,8.40514368760761,4.63472898822964,0.382799983024597,0.334221005439758,1.52806544303894,0,0,0,1,0,0
344,1995,Serbian Republic of Krajina,6,1,1,2.23666479491077,-5,8.44870019497094,4.0943445622221,0.382799983024597,0.334221005439758,1.52806544303894,0,0,0,0,0,0
345,1991,Republic of Slovenia,1,1,1,1.23291401733394,-5,10.0829299685792,5.12989871492307,0.641799986362457,0.753812432289124,2.66722822189331,0,0,0,0,0,0
345,1991,Republic of Croatia,5,0,1,1.23291401733394,-5,10.0829299685792,5.12989871492307,0.641799986362457,0.753812432289124,2.66722822189331,0,0,0,0,0,0
345,1991,Croatian irregulars,3,2,1,1.23291401733394,-5,10.0829299685792,5.12989871492307,0.641799986362457,0.753812432289124,2.66722822189331,0,0,0,0,0,0
345,1998,UCK,15,1,1,1.55506204515694,-6,9.27190572763434,4.65396035015752,0.641799986362457,0.753812432289124,2.66722822189331,0,0,0,1,0,0
346,1992,Serbian Republic of Bosnia-Herzegovina,43,1,1,0.080165950074518,0,8.39140318535794,4.0943445622221,0.709800004959106,0.697153210639954,4.11903715133667,0,0,0,1,0,0
346,1992,Serbian irregulars,42,1,1,0.080165950074518,0,8.39140318535794,4.0943445622221,0.709800004959106,0.697153210639954,4.11903715133667,0,0,0,1,0,0
346,1993,Autonomous Province of Western Bosnia,22,2,1,0.0524568398378597,0,8.39705739017626,4.0943445622221,0.709800004959106,0.697153210639954,4.11903715133667,0,0,0,0,0,0
346,1993,Croatian Republic of Bosnia-Herzegovina,14,1,1,0.0524568398378597,0,8.39705739017626,4.0943445622221,0.709800004959106,0.697153210639954,4.11903715133667,0,0,0,1,0,0
346,1993,Croatian irregulars,10,1,1,0.0524568398378597,0,8.39705739017626,4.0943445622221,0.709800004959106,0.697153210639954,4.11903715133667,0,0,0,1,0,0
359,1992,PMR,4,1,1,1.11911105868648,5,8.3774712482411,2.19722457733622,0.0392000079154968,0.551569521427155,0,0,0,0,0,0,0
360,1989,NSF,0,2,1,2.07446201685228,-2,10.0498364488713,5.33271879326537,0.470399975776672,0.252163052558899,2.89037179946899,0,0,0,0,0,1
365,1990,Republic of Armenia,16,0,1,1.89224221434965,0,12.5473333988832,8.13153071060425,0.445599973201752,0.333092987537384,2.72129535675049,0,0,1,0,0,0
365,1990,APF,0,2,1,1.89224221434965,0,12.5473333988832,8.13153071060425,0.445599973201752,0.333092987537384,2.72129535675049,0,0,1,0,0,0
365,1993,Parliamentary Forces,0,2,1,2.23465487882669,3,11.9059535529747,7.3132203870903,0.445599973201752,0.333092987537384,2.72129535675049,0,1,1,0,0,1
365,1994,Chechen Republic of Ichkeria,21,1,1,2.10003741896897,3,11.9047513131519,7.24422751560335,0.445599973201752,0.333092987537384,2.72129535675049,0,0,1,0,0,0
365,1999,Chechen Republic of Ichkeria,99,0,1,2.04702224708834,3,11.8995203109947,6.80239476332431,0.445599973201752,0.333092987537384,2.72129535675049,0,0,1,0,0,0
365,1999,Wahhabi movement of the Buinaksk district,0,2,1,2.04702224708834,3,11.8995203109947,6.80239476332431,0.445599973201752,0.333092987537384,2.72129535675049,0,0,1,0,0,0
365,2007,Forces of the Caucasus Emirate,25,2,1,2.63569747546845,4,11.8643918679794,6.93439720992856,0.445599973201752,0.333092987537384,2.72129535675049,0,1,1,0,0,0
372,1992,Zviadists,21,2,1,1.08452835560218,4,8.60428789826717,3.2188758248682,0.545400023460388,0.495510041713715,4.12390327453613,0,1,0,0,0,1
372,1992,Republic of Abkhazia,16,1,1,1.08452835560218,4,8.60428789826717,3.2188758248682,0.545400023460388,0.495510041713715,4.12390327453613,1,0,0,0,0,0
372,1992,Republic of South Ossetia,1,1,1,1.08452835560218,4,8.60428789826717,3.2188758248682,0.545400023460388,0.495510041713715,4.12390327453613,0,0,0,0,0,0
372,2004,Republic of South Ossetia,0,1,1,1.43360957286621,7,8.37054761107475,2.63905732961526,0.545400023460388,0.495510041713715,4.12390327453613,0,0,0,0,0,0
373,1993,Military faction (forces of Suret Husseinov),0,2,1,1.02017190498424,-3,8.90490157793514,3.80666248977032,0.133400022983551,0.303524136543274,3.2809112071991,0,1,1,0,0,1
373,1995,OPON Forces,0,2,1,0.659565336388457,-6,8.92092346223069,4.35670882668959,0.133400022983551,0.303524136543274,3.2809112071991,0,1,1,0,0,1
373,2005,Republic of Nagorno-Karabakh,2,0,1,1.51794294764889,-7,9.03503415007613,4.18965474202643,0.133400022983551,0.303524136543274,3.2809112071991,0,0,1,1,0,0
404,1998,"Military Junta for the Consolidation of Democracy, Peace and Justice",11,2,1,-0.27329884688395,0,7.05703698169789,1.94591014905531,0.544999957084656,0.803756952285767,0,0,1,0,0,1,1
420,1981,NRC,1,2,1,0.499911917322486,7,6.4281052726846,0,0.181800007820129,0.727814793586731,0,0,1,0,0,1,1
432,1990,MPA,5,1,1,-0.449321149108226,-7,9.00650913169435,2.56494935746154,0.181800007820129,0.778310716152191,0.336472243070602,1,0,0,0,0,0
432,1994,FIAA,2,0,1,-0.538288486365884,7,9.25550492393056,2.484906649788,0.181800007820129,0.778310716152191,0.336472243070602,1,0,0,0,0,0
432,2007,ATNMC,28,2,1,-0.0641696472937516,7,9.42367598229931,1.94591014905531,0.181800007820129,0.778310716152191,0.336472243070602,0,0,0,0,0,0
433,1990,MFDC,4,0,1,0.225837415463681,-1,8.89535561699639,2.89037175789616,0.149600028991699,0.722772240638733,0,0,0,0,0,0,0
433,1992,MFDC,10,1,1,0.189618153505126,-1,8.94949495347796,2.89037175789616,0.149600028991699,0.722772240638733,0,0,0,0,0,0,0
433,1995,MFDC,8,0,1,0.161491424198218,-1,9.02965747185074,2.63905732961526,0.149600028991699,0.722772240638733,0,0,0,0,0,0,0
433,1997,MFDC,21,0,1,0.190069019056753,-1,9.08273424737104,2.63905732961526,0.149600028991699,0.722772240638733,0,0,0,0,0,0,0
433,2000,MFDC,20,0,1,0.266097819766837,8,9.15704507491796,2.19722457733622,0.149600028991699,0.722772240638733,0,0,0,0,0,0,0
433,2003,MFDC,11,1,1,0.312332412364816,8,9.22670572606245,2.63905732961526,0.149600028991699,0.722772240638733,0,0,0,0,0,0,0
435,1975,POLISARIO,36,0,1,0.6629709092006,-7,7.22329567956231,1.09861228866811,0,0.3354172706604,0,0,0,0,0,0,0
436,1994,CRA,5,1,1,-0.66163327044636,8,9.08772065842827,1.6094379124341,0.319999992847443,0.732588052749634,1.13140213489532,0,0,0,0,0,0
436,1995,FDR,0,0,1,-0.663213379651028,8,9.12161844191538,1.6094379124341,0.319999992847443,0.732588052749634,1.13140213489532,0,0,0,0,0,0
436,2007,MNJ,15,1,1,-0.584404066082117,6,9.5085913957772,1.6094379124341,0.319999992847443,0.732588052749634,1.13140213489532,0,0,0,0,0,1
437,2002,MPCI,3,1,1,0.354952260983587,0,9.76772510152213,2.83321334405622,0.559199988842011,0.859293460845947,0.336472243070602,0,0,0,0,0,1
437,2002,MPIGO,4,1,1,0.354952260983587,0,9.76772510152213,2.83321334405622,0.559199988842011,0.859293460845947,0.336472243070602,0,0,0,0,0,1
437,2004,FRCI,1,1,1,0.29319813877562,0,9.82800941136017,2.83321334405622,0.559199988842011,0.859293460845947,0.336472243070602,0,0,0,0,0,1
438,2000,RFDG,15,0,1,0.0682736959570182,-1,8.9132811377118,2.30258509299405,0.266200006008148,0.749607503414154,1.43508458137512,0,1,0,0,0,1
439,1987,Popular Front,0,2,1,-0.483705723617391,-7,9.02569611981258,2.19722457733622,0.580000042915344,0.678255438804627,0,0,1,0,0,0,1
450,1980,Military faction (forces of Samuel Doe),0,2,1,0.201135773850477,-7,7.52940645783701,1.94591014905531,0.639999985694885,0.82991224527359,0.470003634691238,0,1,0,0,0,1
450,1989,NPFL,9,1,1,-0.0753714185419906,-6,7.78364059622125,1.94591014905531,0.639999985694885,0.82991224527359,0.470003634691238,0,0,0,0,0,1
450,1990,INPFL,1,1,1,-0.791847242527534,0,7.78613643778307,2.07944154167984,0.639999985694885,0.82991224527359,0.470003634691238,0,0,0,0,0,1
450,2000,LURD,36,1,1,-0.83035822328718,0,8.05642676752298,2.70805020110221,0.639999985694885,0.82991224527359,0.470003634691238,0,0,0,0,0,1
450,2003,MODEL,1,1,1,-1.13188372671615,1,8.05134093329298,2.70805020110221,0.639999985694885,0.82991224527359,0.470003634691238,0,0,0,0,0,1
451,1991,RUF,115,1,1,0.0584730758194702,-6,8.3039999709552,1.6094379124341,0.539999961853027,0.76884651184082,0.993251800537109,0,0,0,0,1,1
451,1997,AFRC,31,0,1,-0.683738732704994,0,8.39570329382853,1.6094379124341,0.539999961853027,0.76884651184082,0.993251800537109,0,0,0,0,1,1
451,1997,Kamajors,9,0,1,-0.683738732704994,0,8.39570329382853,1.6094379124341,0.539999961853027,0.76884651184082,0.993251800537109,0,0,0,1,0,1
451,2000,WSB,0,2,1,-0.831343609559491,0,8.48755838628655,1.09861228866811,0.539999961853027,0.76884651184082,0.993251800537109,0,0,0,0,1,1
452,1966,NLC,0,2,1,0.443370490821636,-7,8.98657162526805,3.40119738166216,0.701599955558777,0.706123292446137,0,0,0,0,0,0,1
452,1981,Military faction (forces of Jerry John Rawlings),0,2,1,0.294444560007402,-7,9.31784857969147,2.19722457733622,0.701599955558777,0.706123292446137,0,0,1,0,0,0,1
452,1983,Military faction (forces of Ekow Dennis and Edward Adjei-Ampofo) ,0,2,1,0.105344985244343,-7,9.38848655735966,2.07944154167984,0.701599955558777,0.706123292446137,0,0,1,0,0,0,1
461,1986,MTD,0,2,1,-0.00638404700414276,-7,8.04590874227078,1.94591014905531,0.459999978542328,0.710690259933472,0,0,1,0,0,0,1
471,1960,UPC,23,0,1,0.393486702575686,-6,8.57470709761684,0,0.639999985694885,0.891898572444916,2.92852354049683,0,0,0,0,1,1
471,1984,Military faction (forces of Ibrahim Saleh),0,2,1,0.943779082666977,-8,9.19735644441789,2.70805020110221,0.639999985694885,0.891898572444916,2.92852354049683,0,1,0,0,0,1
475,1966,Military faction (forces of Patrick Nzeogwu),6,2,1,0.22297184039555,-7,10.8185174899429,3.40119738166216,0.580000042915344,0.868931770324707,1.22377550601959,0,1,1,0,0,1
475,1967,Republic of Biafra,30,2,1,0.0272703440706301,-7,10.843162724643,3.55534806148941,0.580000042915344,0.868931770324707,1.22377550601959,0,0,1,0,0,0
475,2004,Ahlul Sunnah Jamaa,1,2,1,0.470750562337095,4,11.7689233531554,4.35670882668959,0.580000042915344,0.868931770324707,1.22377550601959,0,0,1,0,0,0
475,2004,NDPVF,3,1,1,0.470750562337095,4,11.7689233531554,4.35670882668959,0.580000042915344,0.868931770324707,1.22377550601959,0,0,1,0,0,0
481,1964,Military faction (forces loyal to Léon M'Ba),0,2,1,1.85498293609356,-7,6.20253551718792,0,0.4549999833107,0.688142776489258,0.0676586478948593,0,1,1,1,0,1
482,2001,Military faction (forces of André Kolingba),6,2,1,-0.435113026193444,5,8.24800570160062,1.09861228866811,0.782800018787384,0.686299443244934,1.68639898300171,0,1,0,0,1,1
482,2002,Forces of Francois Bozize,2,2,1,-0.459390282012632,5,8.26616443661249,1.09861228866811,0.782800018787384,0.686299443244934,1.68639898300171,0,1,0,0,0,1
482,2006,UFDR,1,1,1,-0.516005060273384,-1,8.33758794211651,1.09861228866811,0.782800018787384,0.686299443244934,1.68639898300171,0,0,0,0,1,1
483,1966,Frolinat,53,0,1,0.0436496607505444,-9,8.12296471523406,1.6094379124341,0.625,0.82627284526825,2.25129175186157,0,0,0,0,1,1
483,1971,First Liberation Army,22,2,1,0.098521973766142,-9,8.22013395715186,2.07944154167984,0.625,0.82627284526825,2.25129175186157,0,0,0,0,1,1
483,1971,Second Liberation Army,6,0,1,0.098521973766142,-9,8.22013395715186,2.07944154167984,0.625,0.82627284526825,2.25129175186157,0,0,0,0,1,1
483,1976,FAN,22,1,1,0.147500942448422,-7,8.32263709695394,2.39789527279837,0.625,0.82627284526825,2.25129175186157,0,0,0,0,0,1
483,1977,FAP,14,2,1,0.0465082085608957,-7,8.34593026197902,2.19722457733622,0.625,0.82627284526825,2.25129175186157,0,0,0,0,1,1
483,1979,FAN,40,2,1,-0.238165967916616,0,8.3845756668014,1.6094379124341,0.625,0.82627284526825,2.25129175186157,0,0,0,0,1,1
483,1982,FAT,4,2,1,-0.306699892480595,0,8.45318786144033,1.09861228866811,0.625,0.82627284526825,2.25129175186157,0,0,0,0,0,1
483,1983,GUNT,22,0,1,-0.184653319721983,0,8.4767877767812,1.38629436111989,0.625,0.82627284526825,2.25129175186157,0,0,0,1,1,1
483,1986,GUNT,11,2,1,-0.0734061191499475,-7,8.54130026675947,3.09104245335832,0.625,0.82627284526825,2.25129175186157,0,0,0,1,1,1
483,1987,CDR,10,2,1,-0.116728117943368,-7,8.56044423341055,3.40119738166216,0.625,0.82627284526825,2.25129175186157,0,0,0,1,1,1
483,1989,Revolutionary Forces of 1 April ,2,0,1,0.0127218089493403,-7,8.62263370387423,3.49650756146648,0.625,0.82627284526825,2.25129175186157,0,1,0,0,0,1
483,1989,MOSANAT,9,0,1,0.0127218089493403,-7,8.62263370387423,3.49650756146648,0.625,0.82627284526825,2.25129175186157,0,0,0,0,0,1
483,1989,Islamic Legion,13,0,1,0.0127218089493403,-7,8.62263370387423,3.49650756146648,0.625,0.82627284526825,2.25129175186157,0,0,0,0,0,1
483,1990,MPS,9,2,1,-0.0532654464956216,-7,8.6459381473068,3.91202300542815,0.625,0.82627284526825,2.25129175186157,0,0,0,0,0,1
483,1991,MDD,14,0,1,0.0056927756715267,-5,8.66888370465667,3.91202300542815,0.625,0.82627284526825,2.25129175186157,0,0,0,0,0,1
483,1991,Military faction (forces of Maldoum Bada Abbas),0,2,1,0.0056927756715267,-5,8.66888370465667,3.91202300542815,0.625,0.82627284526825,2.25129175186157,0,1,0,0,0,1
483,1992,CSNPD,24,1,1,0.0585573544265871,-4,8.69299353121993,3.63758615972639,0.625,0.82627284526825,2.25129175186157,0,0,0,0,0,1
483,1992,CNR,30,0,1,0.0585573544265871,-4,8.69299353121993,3.63758615972639,0.625,0.82627284526825,2.25129175186157,0,0,0,0,0,1
483,1992,FNT,33,1,1,0.0585573544265871,-4,8.69299353121993,3.63758615972639,0.625,0.82627284526825,2.25129175186157,0,0,0,0,0,1
483,1997,MDD,0,0,1,0.0684631325329802,-2,8.81016126829726,3.55534806148941,0.625,0.82627284526825,2.25129175186157,0,0,0,0,0,1
483,1997,FARF,7,1,1,0.0684631325329802,-2,8.81016126829726,3.55534806148941,0.625,0.82627284526825,2.25129175186157,0,0,0,0,0,1
483,1999,MDJT,36,0,1,0.023454122269698,-2,8.91704256073877,3.40119738166216,0.625,0.82627284526825,2.25129175186157,0,0,0,0,0,1
483,2005,FUCD,12,1,1,0.413879463196829,-2,9.21223856925926,3.40119738166216,0.625,0.82627284526825,2.25129175186157,0,0,0,0,0,1
483,2006,RAFD,0,1,1,0.385378486974154,-2,9.24242026543959,3.40119738166216,0.625,0.82627284526825,2.25129175186157,0,0,0,0,0,1
483,2006,UFDD,14,0,1,0.385378486974154,-2,9.24242026543959,3.40119738166216,0.625,0.82627284526825,2.25129175186157,0,0,0,0,0,1
484,1993,Ninjas,2,1,1,1.09238281854557,5,7.80139132029149,2.30258509299405,0.519199967384338,0.657212376594544,0,0,0,1,0,0,1
484,1997,Cocoyes,26,1,1,0.994562483646262,-6,7.91753635394363,2.30258509299405,0.519199967384338,0.657212376594544,0,0,0,1,0,1,1
484,1997,Cobras,4,2,1,0.994562483646262,-6,7.91753635394363,2.30258509299405,0.519199967384338,0.657212376594544,0,0,0,1,1,0,1
484,1998,Ninjas,18,1,1,1.01678967786849,-6,7.93200315236139,2.30258509299405,0.519199967384338,0.657212376594544,0,0,0,1,0,1,1
484,1998,Ntsiloulous,12,1,1,1.01678967786849,-6,7.93200315236139,2.30258509299405,0.519199967384338,0.657212376594544,0,0,0,1,0,1,1
484,2002,Ntsiloulous,6,1,1,1.05231575850726,-4,8.02551638648901,2.30258509299405,0.519199967384338,0.657212376594544,0,0,0,1,0,1,1
490,1960,Independent Mining State of South Kasai,28,2,1,-0.0596052962267214,0,9.55435551776812,3.2188758248682,0.680000007152557,0.901631832122803,1.64865863323212,0,0,0,0,0,0
490,1964,CNL,23,0,1,-0.174269507856875,-6,9.72082593792907,3.2188758248682,0.680000007152557,0.901631832122803,1.64865863323212,0,0,0,0,0,1
490,1967,Military Faction (Forces of Jean Schramme),4,2,1,-0.273594548880674,-9,9.84712881886674,3.55534806148941,0.680000007152557,0.901631832122803,1.64865863323212,0,1,0,0,0,1
490,1977,FLNC,14,2,1,-0.34076330008819,-9,10.0865171919138,3.97029191355212,0.680000007152557,0.901631832122803,1.64865863323212,0,0,0,0,1,1
490,1996,AFDL,7,2,1,-1.32583387519512,0,10.7538948592947,3.91202300542815,0.680000007152557,0.901631832122803,1.64865863323212,0,0,0,1,0,1
490,1998,RCD,40,1,1,-1.447466584205,0,10.8024082958478,3.91202300542815,0.680000007152557,0.901631832122803,1.64865863323212,0,0,0,1,1,1
490,1998,MLC,37,1,1,-1.447466584205,0,10.8024082958478,3.91202300542815,0.680000007152557,0.901631832122803,1.64865863323212,0,0,0,1,1,1
490,2006,CNDP,23,1,1,-1.51265477564913,5,11.0153450679543,4.17438726989564,0.680000007152557,0.901631832122803,1.64865863323212,0,0,0,0,0,1
490,2007,BDK,22,0,1,-1.4798858479037,5,11.043273773787,3.93182563272433,0.680000007152557,0.901631832122803,1.64865863323212,0,0,0,0,0,0
500,1971,Military faction (forces of Idi Amin),0,2,1,-0.144839947998467,-7,9.22296040333229,2.63905732961526,0.724200010299683,0.899465322494507,2.34180569648743,0,1,0,0,0,1
500,1972,Kikosi Maalum,0,2,1,-0.177384468596738,-7,9.25550492393056,2.56494935746154,0.724200010299683,0.899465322494507,2.34180569648743,0,0,0,0,0,1
500,1974,Military faction (forces of Charles Arube),0,2,1,-0.243045471731249,-7,9.32116592706507,3.2188758248682,0.724200010299683,0.899465322494507,2.34180569648743,0,1,0,0,0,1
500,1980,FUNA,14,0,1,-0.60387825024373,3,9.48189306249808,1.79175946922806,0.724200010299683,0.899465322494507,2.34180569648743,0,0,0,0,1,1
500,1981,NRA,58,2,1,-0.611240880743967,3,9.50836873648211,1.79175946922806,0.724200010299683,0.899465322494507,2.34180569648743,0,0,0,0,1,1
500,1981,UNRF,35,0,1,-0.611240880743967,3,9.50836873648211,1.79175946922806,0.724200010299683,0.899465322494507,2.34180569648743,0,0,0,0,1,1
500,1982,UFM,7,2,1,-0.560543030064791,3,9.53271368421789,2.30258509299405,0.724200010299683,0.899465322494507,2.34180569648743,0,0,0,0,0,1
500,1986,HSM,12,2,1,-0.623413728266509,-7,9.62172128051365,2.70805020110221,0.724200010299683,0.899465322494507,2.34180569648743,0,0,0,0,0,1
500,1986,UPDA,16,1,1,-0.623413728266509,-7,9.62172128051365,2.70805020110221,0.724200010299683,0.899465322494507,2.34180569648743,0,0,0,0,0,1
500,1987,UPA,60,0,1,-0.583164559727408,-7,9.64348549585766,3.2188758248682,0.724200010299683,0.899465322494507,2.34180569648743,0,1,0,0,0,1
500,1988,LRA,46,0,1,-0.53082906889236,-7,9.66637184365504,3.55534806148941,0.724200010299683,0.899465322494507,2.34180569648743,0,0,0,0,0,1
500,1988,Lord's Army,5,2,1,-0.53082906889236,-7,9.66637184365504,3.55534806148941,0.724200010299683,0.899465322494507,2.34180569648743,0,0,0,0,0,1
500,1994,LRA,58,0,1,-0.324497858434282,-4,9.85639594500228,4.0943445622221,0.724200010299683,0.899465322494507,2.34180569648743,0,0,0,0,0,1
500,1996,WNBF,8,0,1,-0.213810964781318,-4,9.89585852537164,3.91202300542815,0.724200010299683,0.899465322494507,2.34180569648743,0,0,0,0,0,1
500,1996,ADF,72,2,1,-0.213810964781318,-4,9.89585852537164,3.91202300542815,0.724200010299683,0.899465322494507,2.34180569648743,0,0,0,0,0,1
500,1997,UNRF II,4,0,1,-0.189568875152604,-4,9.92515119217216,3.91202300542815,0.724200010299683,0.899465322494507,2.34180569648743,0,0,0,0,0,1
500,2000,LRA,79,1,1,-0.0542819204932783,-4,9.98865556490601,3.91202300542815,0.724200010299683,0.899465322494507,2.34180569648743,0,0,0,0,1,1
500,2007,ADF,9,0,1,0.195073480441299,-1,10.2487425362453,3.80666248977032,0.724200010299683,0.899465322494507,2.34180569648743,0,0,0,0,0,1
501,1982,Military faction (forces of Hezekiah Ochuka),0,2,1,0.120912007085845,-7,9.80056849852829,2.94443897916644,0.704599976539612,0.833253800868988,3.30688667297363,0,1,0,0,0,1
516,1965,Military faction (forces loyal to Gervais Nyangoma),0,2,1,-0.897267030120598,-5,8.07402621612406,0.693147180559945,0.55019998550415,0.0355106592178345,4.32413244247437,0,1,0,0,0,1
516,1991,Palipehutu,13,0,1,-0.369875023021261,-7,8.63408694288774,2.484906649788,0.55019998550415,0.0355106592178345,4.32413244247437,0,0,0,0,0,1
516,1994,CNDD,43,0,1,-0.50056194182983,0,8.67846133901236,2.83321334405622,0.55019998550415,0.0355106592178345,4.32413244247437,0,0,0,0,0,1
516,1997,Frolina,2,0,1,-0.712455383846154,-5,8.73133636053315,3.55534806148941,0.55019998550415,0.0355106592178345,4.32413244247437,0,0,0,0,0,1
516,1997,Palipehutu-FNL,114,1,1,-0.712455383846154,-5,8.73133636053315,3.55534806148941,0.55019998550415,0.0355106592178345,4.32413244247437,0,0,0,0,0,1
516,1998,CNDD-FDD ,60,1,1,-0.71012236259886,-1,8.77292009262647,3.55534806148941,0.55019998550415,0.0355106592178345,4.32413244247437,0,0,0,0,0,1
517,1990,FPR,45,2,1,-0.249616248250676,-7,8.87919392811032,1.79175946922806,0.5067999958992,0.129210829734802,4.30945587158203,0,0,0,0,1,1
522,1991,FRUD,37,1,1,0.676900417477337,-8,6.28599809450887,1.09861228866811,0.112800002098084,0.693339109420776,1.58923518657684,0,0,0,0,0,1
522,1999,FRUD - AD,5,1,1,0.665432597749139,2,6.44413125670044,2.07944154167984,0.112800002098084,0.693339109420776,1.58923518657684,0,0,0,0,0,1
530,1960,Military faction (forces of Mengistu Neway),0,2,1,-0.598883488405151,-9,9.93788897925346,3.36729582998647,0.612200021743774,0.693593263626099,4.26829767227173,0,1,0,0,0,1
530,1964,ELF  ,201,0,1,-0.701863004670036,-9,10.1855036033613,4.0943445622221,0.612200021743774,0.693593263626099,4.26829767227173,0,0,0,0,1,0
530,1964,Ogaden Liberation Front,11,2,1,-0.701863004670036,-9,10.1855036033613,4.0943445622221,0.612200021743774,0.693593263626099,4.26829767227173,0,0,0,0,0,0
530,1973,EPLF,3,0,1,-0.356569220076912,-9,10.173056569561,3.91202300542815,0.612200021743774,0.693593263626099,4.26829767227173,0,0,0,0,0,0
530,1975,EPLF,196,2,1,-0.438770768106953,-7,10.2073628048827,3.91202300542815,0.612200021743774,0.693593263626099,4.26829767227173,0,0,0,0,1,0
530,1975,ALF,18,0,1,-0.438770768106953,-7,10.2073628048827,3.91202300542815,0.612200021743774,0.693593263626099,4.26829767227173,0,0,0,0,0,0
530,1976,TPLF,6,0,1,-0.700686998254707,-7,10.4675790239267,4.17438726989564,0.612200021743774,0.693593263626099,4.26829767227173,0,0,0,0,0,1
530,1976,EPRP,12,0,1,-0.700686998254707,-7,10.4675790239267,4.17438726989564,0.612200021743774,0.693593263626099,4.26829767227173,0,0,0,0,0,1
530,1976,WSLF,86,0,1,-0.700686998254707,-7,10.4675790239267,4.17438726989564,0.612200021743774,0.693593263626099,4.26829767227173,0,0,0,1,1,0
530,1977,EDU,23,0,1,-0.730472444071701,-7,10.4927453570038,5.41610040220442,0.612200021743774,0.693593263626099,4.26829767227173,0,0,0,0,0,1
530,1977,OLF,23,0,1,-0.730472444071701,-7,10.4927453570038,5.41610040220442,0.612200021743774,0.693593263626099,4.26829767227173,0,0,0,0,0,0
530,1977,SALF,47,0,1,-0.730472444071701,-7,10.4927453570038,5.41610040220442,0.612200021743774,0.693593263626099,4.26829767227173,0,0,0,0,1,0
530,1978,TPLF,123,0,1,-0.817939802133381,-7,10.5179161483847,5.4510384535657,0.612200021743774,0.693593263626099,4.26829767227173,0,0,0,0,0,1
530,1980,OLF,23,0,1,-0.498178043634706,-7,10.3438370624978,5.52146091786225,0.612200021743774,0.693593263626099,4.26829767227173,0,0,0,0,1,0
530,1983,EPDM,35,0,1,-0.504739918602877,-7,10.4246594683563,5.48063892334199,0.612200021743774,0.693593263626099,4.26829767227173,0,0,0,0,0,1
530,1983,OLF,29,0,1,-0.504739918602877,-7,10.4246594683563,5.48063892334199,0.612200021743774,0.693593263626099,4.26829767227173,0,0,0,0,0,0
530,1983,SLM,8,0,1,-0.504739918602877,-7,10.4246594683563,5.48063892334199,0.612200021743774,0.693593263626099,4.26829767227173,0,0,0,0,0,0
530,1984,EPRP,43,0,1,-0.718459442024008,-8,10.6471377152692,5.24702407216049,0.612200021743774,0.693593263626099,4.26829767227173,0,0,0,0,0,1
530,1989,EPRDF,28,2,1,-0.794253568913661,-8,10.8231127189992,5.52146091786225,0.612200021743774,0.693593263626099,4.26829767227173,0,0,0,0,0,1
530,1989,Military faction (forces of Amsha Desta and Merid Negusie),0,2,1,-0.794253568913661,-8,10.8231127189992,5.52146091786225,0.612200021743774,0.693593263626099,4.26829767227173,0,1,0,0,0,1
540,1975,UNITA,241,0,1,1.30049315042993,-7,8.71980745147796,3.40119738166216,0.612200021743774,0.783281743526459,2.3702437877655,0,0,1,1,1,1
540,1975,FNLA,49,0,1,1.30049315042993,-7,8.71980745147796,3.40119738166216,0.612200021743774,0.783281743526459,2.3702437877655,0,0,1,1,1,1
540,1991,FLEC-R,6,0,1,1.04008971211448,-3,9.16062477973025,5.01063529409626,0.612200021743774,0.783281743526459,2.3702437877655,0,0,1,0,0,0
540,1994,FLEC-FAC,3,0,1,0.623756895889725,-1,9.25588718693215,4.78749174278205,0.612200021743774,0.783281743526459,2.3702437877655,0,0,1,0,0,0
540,1994,FLEC-R,10,0,1,0.623756895889725,-1,9.25588718693215,4.78749174278205,0.612200021743774,0.783281743526459,2.3702437877655,0,0,1,0,0,0
540,1996,FLEC-FAC,31,0,1,0.879398707918337,-2,9.32232887392423,4.55387689160054,0.612200021743774,0.783281743526459,2.3702437877655,0,0,1,0,0,0
540,1997,FLEC-R,10,0,1,0.899183962618607,-3,9.35608438602889,4.55387689160054,0.612200021743774,0.783281743526459,2.3702437877655,0,0,1,0,0,0
540,1998,UNITA,49,1,1,0.854968992748147,-3,9.40029935589935,4.60517018598809,0.612200021743774,0.783281743526459,2.3702437877655,0,0,1,0,1,1
540,2002,FLEC-FAC,1,0,1,0.856732874382456,-2,9.62667947663622,4.60517018598809,0.612200021743774,0.783281743526459,2.3702437877655,0,0,1,0,0,0
540,2002,FLEC-R,11,0,1,0.856732874382456,-2,9.62667947663622,4.60517018598809,0.612200021743774,0.783281743526459,2.3702437877655,0,0,1,0,0,0
540,2004,FLEC-FAC,10,0,1,0.933293632511377,-2,9.68874610448606,4.7361984483945,0.612200021743774,0.783281743526459,2.3702437877655,0,0,1,0,0,0
540,2007,FLEC-FAC,7,0,1,1.41456594241319,-2,9.77309408860253,4.67282883446191,0.612200021743774,0.783281743526459,2.3702437877655,0,0,1,0,0,0
541,1977,Renamo,189,1,1,-0.807511017264119,-8,9.16209505934819,3.25809653802148,0.620000004768372,0.654930055141449,1.22377550601959,0,0,0,0,1,1
552,1973,ZANU,42,0,1,1.66547984000179,4,8.68101127664563,2.39789527279837,0.509799957275391,0.543950438499451,1.36097657680511,0,0,0,0,1,1
552,1973,ZAPU,13,1,1,1.66547984000179,4,8.68101127664563,2.39789527279837,0.509799957275391,0.543950438499451,1.36097657680511,0,0,0,0,0,1
552,1976,PF,37,1,1,1.61947551021595,4,8.75305551513822,2.83321334405622,0.509799957275391,0.543950438499451,1.36097657680511,0,0,0,0,0,1
560,1966,SWAPO,261,1,1,1.74189128707176,4,9.91155492361389,3.91202300542815,0.458400011062622,0.877227067947388,2.16332292556763,0,0,0,0,0,0
560,1981,ANC,28,0,1,1.93787611845865,4,10.30624900907,4.35670882668959,0.458400011062622,0.877227067947388,2.16332292556763,0,0,0,0,0,1
560,1985,ANC,42,0,1,1.85362600735791,4,10.4055650225444,4.55387689160054,0.458400011062622,0.877227067947388,2.16332292556763,0,0,0,0,0,1
570,1998,Military faction,2,2,1,0.0358415106712166,0,7.63143166457691,0.693147180559945,0.319999992847443,0.22248250246048,4.4212474822998,0,1,0,0,1,1
580,1971,Monima ,0,2,1,0.299135167708,-1,8.85723049420195,2.07944154167984,0.556599974632263,0.0621904134750366,3.52046084403992,0,0,0,0,0,1
600,1971,Military faction (forces of Mohamed Madbouh),0,2,1,0.430935266903462,-9,9.63939178989049,4.17438726989564,0.0198000073432922,0.534009218215942,3.85439395904541,0,1,0,0,0,1
600,1975,POLISARIO,169,0,1,0.529856788020877,-9,9.74132150194574,4.31748811353631,0.0198000073432922,0.534009218215942,3.85439395904541,0,0,0,1,0,0
616,1980,Résistance Armée Tunisienne,0,2,1,1.18745317342464,-9,8.76280248744611,3.36729582998647,0.0393999814987183,0.158250987529755,1.33500111103058,0,0,0,0,0,1
625,1971,Sudanese Communist Party,0,2,1,-0.117666508199396,-7,9.56345899971214,3.55534806148941,0.444999992847443,0.735070288181305,2.01490306854248,0,1,0,0,0,1
625,1976,Islamic Charter Front,0,2,1,0.120314305839891,-7,9.68818815524497,3.91202300542815,0.444999992847443,0.735070288181305,2.01490306854248,0,1,0,0,0,1
625,1983,SPLM/A,259,1,1,-0.129469801200033,-7,9.94160188464479,4.45434729625351,0.444999992847443,0.735070288181305,2.01490306854248,1,0,0,0,0,1
625,1996,NDA,68,0,1,0.109418650295004,-7,10.2143122564902,4.48863636973214,0.444999992847443,0.735070288181305,2.01490306854248,1,0,0,0,0,1
625,2003,SLM/A,44,0,1,0.40148298184137,-6,10.4143331761021,4.64439089914137,0.444999992847443,0.735070288181305,2.01490306854248,0,0,0,0,1,1
625,2003,JEM,12,0,1,0.40148298184137,-6,10.4143331761021,4.64439089914137,0.444999992847443,0.735070288181305,2.01490306854248,0,0,0,0,1,1
625,2006,NRF,5,0,1,0.516661467420813,-4,10.4994903722096,4.65396035015752,0.444999992847443,0.735070288181305,2.01490306854248,0,0,0,0,0,1
625,2006,SLM/A - MM,10,1,1,0.516661467420813,-4,10.4994903722096,4.65396035015752,0.444999992847443,0.735070288181305,2.01490306854248,0,0,0,0,0,1
625,2007,JEM,30,2,1,0.548249524097714,-4,10.523983391848,4.65396035015752,0.444999992847443,0.735070288181305,2.01490306854248,0,0,0,0,0,1
625,2007,SLM/A-Unity,16,0,1,0.548249524097714,-4,10.523983391848,4.65396035015752,0.444999992847443,0.735070288181305,2.01490306854248,0,0,0,0,0,1
630,1966,KDPI,35,0,1,2.25874447244614,-10,10.1577033234047,5.34710753071747,0.197799980640411,0.756581664085388,3.67122459411621,0,0,1,0,0,0
630,1979,KDPI,119,0,1,2.13630815322881,0,10.5404346834079,6.0282785202307,0.197799980640411,0.756581664085388,3.67122459411621,0,0,1,0,0,0
630,1979,MEK,47,0,1,2.13630815322881,0,10.5404346834079,6.0282785202307,0.197799980640411,0.756581664085388,3.67122459411621,0,0,1,0,0,1
630,1979,APCO,19,0,1,2.13630815322881,0,10.5404346834079,6.0282785202307,0.197799980640411,0.756581664085388,3.67122459411621,0,0,1,0,0,0
630,1986,MEK,35,0,1,1.88910321824074,-6,10.8086162197041,5.84354441703136,0.197799980640411,0.756581664085388,3.67122459411621,0,0,1,0,0,1
630,1990,KDPI,11,0,1,1.8971883449979,-6,10.9058825834624,6.08677472691231,0.197799980640411,0.756581664085388,3.67122459411621,0,0,1,0,0,0
630,1991,MEK,35,0,1,1.97392504648853,-6,10.9301920110647,6.14203740558736,0.197799980640411,0.756581664085388,3.67122459411621,0,0,1,0,0,1
630,1993,KDPI,11,0,1,1.96573908946668,-6,10.9764571941407,6.26909628370626,0.197799980640411,0.756581664085388,3.67122459411621,0,0,1,0,0,0
630,1996,KDPI,5,0,1,2.0270508146536,-6,11.0207253053274,6.29156913955832,0.197799980640411,0.756581664085388,3.67122459411621,0,0,1,0,0,0
630,1997,MEK,11,0,1,2.07306963466671,3,11.0136001253744,6.35437004079735,0.197799980640411,0.756581664085388,3.67122459411621,0,0,1,0,0,1
630,1999,MEK,35,0,1,2.04790724755161,3,11.1093984774923,6.13122648948314,0.197799980640411,0.756581664085388,3.67122459411621,0,0,1,0,0,1
630,2005,PJAK,52,2,1,2.32204335954311,-6,11.1474980438936,6.04025471127741,0.197799980640411,0.756581664085388,3.67122459411621,0,0,1,0,0,1
630,2006,Jondullah,44,2,1,2.36396881897843,-6,11.1648279154964,6.30078579466324,0.197799980640411,0.756581664085388,3.67122459411621,0,0,1,0,0,1
640,1984,PKK,304,2,1,1.84201084982448,7,10.8010031290839,6.70318811324086,0.211199998855591,0.25491327047348,4.28082418441772,0,0,0,0,0,0
640,1991,Devrimci Sol,17,0,1,2.00805887571245,9,10.9561431589308,6.68959926917897,0.211199998855591,0.25491327047348,4.28082418441772,0,0,0,0,0,1
640,2005,MKP,4,2,1,2.35239270715944,7,11.1853237685172,6.24222326545517,0.211199998855591,0.25491327047348,4.28082418441772,0,0,0,0,0,1
645,1973,KDP,20,2,1,1.10260857405901,-7,9.2508103045299,4.65396035015752,0.492200016975403,0.362471163272858,1.94591009616852,0,0,1,0,0,0
645,1976,PUK,35,0,1,1.40228576093094,-7,9.35053700246947,5.24702407216049,0.492200016975403,0.362471163272858,1.94591009616852,0,0,1,0,0,0
645,1977,KDP-QM,23,0,1,1.37593307719826,-7,9.39515880896873,4.9416424226093,0.492200016975403,0.362471163272858,1.94591009616852,0,0,1,0,0,0
645,1979,KDP,62,0,1,1.69431125674032,-9,9.4588397305527,6.09582456243223,0.492200016975403,0.362471163272858,1.94591009616852,0,0,1,0,0,0
645,1980,PUK,47,1,1,1.66639078922219,-9,9.49084676067887,6.06378520868761,0.492200016975403,0.362471163272858,1.94591009616852,0,0,1,0,0,0
645,1982,SCIRI,28,0,1,1.39358665638089,-9,9.55463904484686,6.00141487796115,0.492200016975403,0.362471163272858,1.94591009616852,0,0,1,0,0,1
645,1985,PUK,91,0,1,1.20925945958851,-9,9.65406419220144,6.66949808985788,0.492200016975403,0.362471163272858,1.94591009616852,0,0,1,0,0,0
645,1986,KDP,71,0,1,1.2543520592165,-9,9.68719547617102,6.68461172766793,0.492200016975403,0.362471163272858,1.94591009616852,0,0,1,0,0,0
645,1987,SCIRI,11,0,1,1.41791273576359,-9,9.70075918596451,6.80239476332431,0.492200016975403,0.362471163272858,1.94591009616852,0,0,1,0,0,1
645,1991,SCIRI,71,0,1,0.147395587665766,-9,9.82628248162716,6.16331480403464,0.492200016975403,0.362471163272858,1.94591009616852,0,0,1,0,0,1
645,1995,PUK,20,0,1,0.440031330030703,-9,9.9082263068833,6.10924758276437,0.492200016975403,0.362471163272858,1.94591009616852,0,0,1,0,0,0
651,1993,al-Gama'a al-Islamiyya,69,0,1,1.18645992632483,-6,10.9417835051962,6.04973345523196,0.112800002098084,0.0440084934234619,0.6931471824646,0,0,0,0,0,1
652,1966,Military faction (forces loyal to Nureddin Atassi and Youssef Zeayen),0,2,1,0.545297748801002,-7,8.61250337122056,4.38202663467388,0.416800022125244,0.223094642162323,1.85629796981812,0,1,1,0,0,1
652,1979,Muslim Brotherhood,32,2,1,1.11259726237862,-9,9.03848386502999,5.39362754635236,0.416800022125244,0.223094642162323,1.85629796981812,0,0,1,0,0,1
660,1975,NSF,13,1,1,2.19914260022401,0,7.92551897978693,3.17805383034795,0.753399968147278,0.134805142879486,4.0621657371521,0,0,0,0,0,1
660,1976,LAA,7,1,1,1.35351432074665,0,7.92732436030979,3.17805383034795,0.753399968147278,0.134805142879486,4.0621657371521,0,0,0,0,0,1
660,1982,NSF,27,0,1,1.63768458340792,0,7.88870952418202,3.04452243772342,0.753399968147278,0.134805142879486,4.0621657371521,0,0,0,1,1,1
660,1983,Amal,15,0,1,1.83896774902494,0,7.89207842124812,2.99573227355399,0.753399968147278,0.134805142879486,4.0621657371521,0,0,0,0,1,1
660,1985,NUF,16,0,1,2.42745456927635,0,7.88908440703551,3.04452243772342,0.753399968147278,0.134805142879486,4.0621657371521,0,0,0,0,0,1
660,1986,Lebanese Forces - Hobeika faction,8,2,1,2.36824810480764,0,7.87815533650332,3.58351893845611,0.753399968147278,0.134805142879486,4.0621657371521,0,1,0,0,0,1
660,1989,Forces of Michel Aoun,19,2,1,1.67722409931955,0,7.83991936001258,2.89037175789616,0.753399968147278,0.134805142879486,4.0621657371521,0,1,0,0,1,1
660,1989,Lebanese Forces,4,1,1,1.67722409931955,0,7.83991936001258,2.89037175789616,0.753399968147278,0.134805142879486,4.0621657371521,0,1,0,0,1,1
666,1965,Non PLO groups,107,0,1,1.89908744477229,10,7.84893372636407,4.17438726989564,0.336199998855591,0.199137568473816,0.993251800537109,0,0,0,0,0,0
666,1974,Rejectionist Front,179,0,1,2.63954665739805,9,8.12474302038557,5.2040066870768,0.336199998855591,0.199137568473816,0.993251800537109,0,0,0,1,0,0
666,1989,PFLP,11,0,1,2.80519040739962,9,8.41582469702795,5.25227342804663,0.336199998855591,0.199137568473816,0.993251800537109,0,0,0,0,0,0
666,1989,PFLP-GC,11,0,1,2.80519040739962,9,8.41582469702795,5.25227342804663,0.336199998855591,0.199137568473816,0.993251800537109,0,0,0,0,0,0
666,1990,Fatah,24,1,1,2.84174618225569,9,8.44677072711969,5.24702407216049,0.336199998855591,0.199137568473816,0.993251800537109,0,0,0,0,0,0
666,1990,Hezbollah,113,0,1,2.84174618225569,9,8.44677072711969,5.24702407216049,0.336199998855591,0.199137568473816,0.993251800537109,0,0,0,0,0,0
666,1993,Hamas,17,0,1,2.89985245389836,9,8.56807640173081,5.19849703126583,0.336199998855591,0.199137568473816,0.993251800537109,0,0,0,0,0,0
666,1995,PIJ,8,0,1,2.98431576003026,9,8.62065189978447,5.22035582507832,0.336199998855591,0.199137568473816,0.993251800537109,0,0,0,0,0,0
666,1996,PNA,3,0,1,3.01212263827145,9,8.64628976475065,5.22035582507832,0.336199998855591,0.199137568473816,0.993251800537109,0,0,0,0,0,0
666,2000,Fatah,25,0,1,3.11839989476644,10,8.73504275426934,5.14749447681345,0.336199998855591,0.199137568473816,0.993251800537109,0,0,0,0,0,0
666,2000,PNA,35,1,1,3.11839989476644,10,8.73504275426934,5.14749447681345,0.336199998855591,0.199137568473816,0.993251800537109,0,0,0,0,0,0
666,2001,Hamas,101,2,1,3.0810780741494,10,8.77012852753818,5.0998664278242,0.336199998855591,0.199137568473816,0.993251800537109,0,0,0,0,0,0
666,2001,PFLP,11,0,1,3.0810780741494,10,8.77012852753818,5.0998664278242,0.336199998855591,0.199137568473816,0.993251800537109,0,0,0,0,0,0
666,2002,PIJ,95,2,1,3.05516552180696,10,8.79026911147866,5.08140436498446,0.336199998855591,0.199137568473816,0.993251800537109,0,0,0,0,0,0
666,2002,AMB,33,0,1,3.05516552180696,10,8.79026911147866,5.08140436498446,0.336199998855591,0.199137568473816,0.993251800537109,0,0,0,0,0,0
666,2005,Fatah,34,1,1,3.1123556266167,10,8.84361509218395,5.12396397940326,0.336199998855591,0.199137568473816,0.993251800537109,0,0,0,0,0,0
666,2006,PRC,6,0,1,3.14905579214646,10,8.861350110796,5.12396397940326,0.336199998855591,0.199137568473816,0.993251800537109,0,0,0,0,0,0
666,2006,Hezbollah,1,1,1,3.14905579214646,10,8.861350110796,5.12396397940326,0.336199998855591,0.199137568473816,0.993251800537109,0,0,0,0,0,0
670,1979,JSM,1,2,1,3.61581531908611,-10,9.11272754310918,4.36944785246702,0.133199989795685,0.0585795044898987,2.52572870254517,0,0,1,0,0,1
702,1992,UTO,55,1,1,0.981178186473084,-6,8.62532985002082,1.09861228866811,0.334999978542328,0.551569521427155,4.40671920776367,0,0,0,0,1,1
702,1998,UTO,2,0,1,0.238205913053885,-1,8.70201162840878,1.94591014905531,0.334999978542328,0.551569521427155,4.40671920776367,0,0,0,0,0,1
704,1999,IMU,21,0,1,1.15988356683772,-9,10.0833895178113,3.49650756146648,0.216600000858307,0.484536111354828,3.08673477172852,0,0,0,0,1,1
704,2004,JIG,6,2,1,1.32428419980561,-9,10.1606073194053,3.98898404656427,0.216600000858307,0.484536111354828,3.08673477172852,0,0,0,0,0,1
710,1956,Tibet,7,0,1,-1.08947141496887,-8,13.3339022541932,8.0487882835342,0.550999999046326,0.118452370166779,3.64805746078491,0,0,0,0,0,0
710,1959,Tibet,1,2,1,-0.902442288362379,-8,13.379351678781,8.07340296898641,0.550999999046326,0.118452370166779,3.64805746078491,0,0,0,0,0,0
750,1956,NNC,47,0,1,-0.359467041701237,9,12.8936443117569,5.99146454710798,0.338400006294251,0.886478185653687,2.63188886642456,1,0,0,0,0,0
750,1961,NNC,89,1,1,-0.267229294794649,9,12.9999064360481,6.65286302935335,0.338400006294251,0.886478185653687,2.63188886642456,1,0,0,0,0,0
750,1966,MNF,27,0,1,-0.233417345286562,9,13.108688298281,7.24422751560335,0.338400006294251,0.886478185653687,2.63188886642456,0,0,0,0,0,0
750,1969,CPI-ML,35,0,1,-0.0674394065760153,9,13.1749292617057,7.31986492980897,0.338400006294251,0.886478185653687,2.63188886642456,0,0,0,0,0,1
750,1979,TNV,115,1,1,-0.0452336118150946,8,13.3980690178455,7.15929190479756,0.338400006294251,0.886478185653687,2.63188886642456,1,0,0,0,0,0
750,1982,PLA,77,0,1,0.0533877732433447,8,13.4639254957154,7.02108396428914,0.338400006294251,0.886478185653687,2.63188886642456,0,0,0,0,0,0
750,1983,Sikh insurgents,131,0,1,0.103207423563184,8,13.4857431933677,7.00669522683704,0.338400006294251,0.886478185653687,2.63188886642456,0,0,0,0,0,0
750,1989,Kashmir insurgents,240,2,1,0.316728444106644,8,13.6139915027467,7.13886699994552,0.338400006294251,0.886478185653687,2.63188886642456,0,0,0,0,0,0
750,1989,ABSU,21,0,1,0.316728444106644,8,13.6139915027467,7.13886699994552,0.338400006294251,0.886478185653687,2.63188886642456,1,0,0,0,0,0
750,1990,PWG,59,0,1,0.350960529368553,8,13.6348240637267,7.13886699994552,0.338400006294251,0.886478185653687,2.63188886642456,0,0,0,0,0,1
750,1990,ULFA,19,0,1,0.350960529368553,8,13.6348240637267,7.13886699994552,0.338400006294251,0.886478185653687,2.63188886642456,1,0,0,0,0,0
750,1992,MCC,23,0,1,0.369057700926597,8,13.6737372942378,7.13886699994552,0.338400006294251,0.886478185653687,2.63188886642456,0,0,0,0,0,1
750,1992,NSCN-IM,60,1,1,0.369057700926597,8,13.6737372942378,7.13886699994552,0.338400006294251,0.886478185653687,2.63188886642456,1,0,0,0,0,0
750,1992,ATTF,10,1,1,0.369057700926597,8,13.6737372942378,7.13886699994552,0.338400006294251,0.886478185653687,2.63188886642456,1,0,0,0,0,0
750,1992,PLA,23,0,1,0.369057700926597,8,13.6737372942378,7.13886699994552,0.338400006294251,0.886478185653687,2.63188886642456,0,0,0,0,0,0
750,1993,NDFB,141,1,1,0.399045404900097,8,13.692110526482,7.13886699994552,0.338400006294251,0.886478185653687,2.63188886642456,1,0,0,0,0,0
750,1994,UNLF,4,0,1,0.453040390072895,8,13.7100978187206,7.13886699994552,0.338400006294251,0.886478185653687,2.63188886642456,0,0,0,0,0,0
750,1994,ULFA,191,2,1,0.453040390072895,8,13.7100978187206,7.13886699994552,0.338400006294251,0.886478185653687,2.63188886642456,1,0,0,0,0,0
750,1995,NLFT,2,0,1,0.509073826118166,9,13.7277399837665,7.13886699994552,0.338400006294251,0.886478185653687,2.63188886642456,1,0,0,0,0,0
750,1995,PLA,23,1,1,0.509073826118166,9,13.7277399837665,7.13886699994552,0.338400006294251,0.886478185653687,2.63188886642456,0,0,0,0,0,0
750,1996,PWG,101,0,1,0.555008479719856,9,13.7531456727675,7.13886699994552,0.338400006294251,0.886478185653687,2.63188886642456,0,0,0,0,0,1
750,1996,MCC,11,0,1,0.555008479719856,9,13.7531456727675,7.13886699994552,0.338400006294251,0.886478185653687,2.63188886642456,0,0,0,0,0,1
750,1997,ATTF,35,0,1,0.582265155314435,9,13.7696969594247,7.13886699994552,0.338400006294251,0.886478185653687,2.63188886642456,1,0,0,0,0,0
750,1997,NLFT,90,0,1,0.582265155314435,9,13.7696969594247,7.13886699994552,0.338400006294251,0.886478185653687,2.63188886642456,1,0,0,0,0,0
750,1997,UNLF,11,0,1,0.582265155314435,9,13.7696969594247,7.13886699994552,0.338400006294251,0.886478185653687,2.63188886642456,0,0,0,0,0,0
750,1998,MCC,80,0,1,0.612538246019444,9,13.7975736491325,7.17011954344963,0.338400006294251,0.886478185653687,2.63188886642456,0,0,0,0,0,1
750,1998,PLA,11,0,1,0.612538246019444,9,13.7975736491325,7.17011954344963,0.338400006294251,0.886478185653687,2.63188886642456,0,0,0,0,0,0
750,1999,UNLF,2,0,1,0.665408170913659,9,13.8135646659438,7.17011954344963,0.338400006294251,0.886478185653687,2.63188886642456,0,0,0,0,0,0
750,2000,NSCN-IM,3,1,1,0.689405887195438,9,13.829080074232,7.17242457712485,0.338400006294251,0.886478185653687,2.63188886642456,1,0,0,0,0,0
750,2000,PLA,11,0,1,0.689405887195438,9,13.829080074232,7.17242457712485,0.338400006294251,0.886478185653687,2.63188886642456,0,0,0,0,0,0
750,2003,UNLF,50,0,1,0.805345321559214,9,13.8813591580735,7.18916773842032,0.338400006294251,0.886478185653687,2.63188886642456,0,0,0,0,0,0
750,2004,PLA,0,0,1,0.869539012283718,9,13.8968665567396,7.18916773842032,0.338400006294251,0.886478185653687,2.63188886642456,0,0,0,0,0,0
750,2005,CPI-Maoist,59,2,1,0.943175160916793,9,13.9120182023398,7.18916773842032,0.338400006294251,0.886478185653687,2.63188886642456,0,0,0,0,0,1
750,2006,NLFT,1,0,1,1.01697584731851,9,13.9268139795227,7.18916773842032,0.338400006294251,0.886478185653687,2.63188886642456,1,0,0,0,0,0
750,2006,PLA,7,0,1,1.01697584731851,9,13.9268139795227,7.18916773842032,0.338400006294251,0.886478185653687,2.63188886642456,0,0,0,0,0,0
770,1971,Mukti Bahini,9,2,1,0.0593391660019276,0,11.041721115148,6.00141487796115,0.366199970245361,0.644509017467499,3.78418970108032,0,0,0,0,0,0
770,1974,BLF,42,1,1,0.090049262810816,8,11.140759727263,5.97888576490112,0.366199970245361,0.644509017467499,3.78418970108032,0,0,0,0,0,0
770,1990,MQM,6,0,1,0.522477750861156,8,11.6298548029971,6.30991827822652,0.366199970245361,0.644509017467499,3.78418970108032,0,0,0,0,0,1
770,2004,BLA,4,0,1,0.782915343229694,-5,11.9256309647339,6.4281052726846,0.366199970245361,0.644509017467499,3.78418970108032,0,0,0,0,0,0
770,2006,BLA,42,2,1,0.879835202817417,-5,11.9625350420626,6.4281052726846,0.366199970245361,0.644509017467499,3.78418970108032,0,0,0,0,0,0
771,1975,JSS/SB,213,1,1,-0.530173920261649,-7,11.2767093386675,4.60517018598809,0.213400006294251,0.00497508049011231,0,1,0,0,0,0,0
780,1971,JVP,2,2,1,0.14850044547095,8,9.44208681209766,2.30258509299405,0.476199984550476,0.467041432857513,2.11625552177429,0,1,0,0,0,1
780,1984,LTTE,207,1,1,0.552841081714617,5,9.65521848244118,2.83321334405622,0.476199984550476,0.467041432857513,2.11625552177429,1,0,0,0,0,0
780,1984,TELO,13,0,1,0.552841081714617,5,9.65521848244118,2.83321334405622,0.476199984550476,0.467041432857513,2.11625552177429,1,0,0,0,0,0
780,1985,EPRLF,7,0,1,0.586588761249618,5,9.67041992002422,3.09104245335832,0.476199984550476,0.467041432857513,2.11625552177429,0,0,0,0,0,0
780,1989,JVP,22,2,1,0.631284359039582,5,9.73062115451293,3.09104245335832,0.476199984550476,0.467041432857513,2.11625552177429,0,0,0,0,0,1
780,2003,LTTE,6,0,1,1.1516549268707,5,9.865370230423,5.02388052084628,0.476199984550476,0.467041432857513,2.11625552177429,1,0,0,0,0,0
780,2005,LTTE,48,2,1,1.24384376713714,5,9.88674822853183,5.01727983681492,0.476199984550476,0.467041432857513,2.11625552177429,1,0,0,0,0,0
790,1960,NC,34,1,1,-0.471182794575559,-10,9.13378324925403,2.99573227355399,0.186200022697449,0.699236869812012,4.31347990036011,0,0,0,0,0,1
790,1996,CPN-M,124,1,1,-0.0592337428589934,5,9.94424554500829,3.55534806148941,0.186200022697449,0.699236869812012,4.31347990036011,0,0,0,0,0,1
800,1951,Military faction (navy),1,2,1,-0.26561765196715,-3,9.91462529694658,3.78418963391826,0.09579998254776,0.663652122020721,1.85629796981812,0,1,0,0,0,1
800,1974,CPT,98,0,1,0.590876409359844,3,10.6159960865747,5.39816270151775,0.09579998254776,0.663652122020721,1.85629796981812,0,0,0,0,0,1
800,2003,Patani insurgents,74,2,1,1.93181400768556,9,11.0669351932831,5.74939298590825,0.09579998254776,0.663652122020721,1.85629796981812,0,0,0,0,0,0
811,1978,KNUFNS,1,2,1,-0.350535256235598,-7,8.8034242116007,4.24849524204936,0.0950000286102295,0.296923398971558,0.6931471824646,0,0,0,1,0,1
811,1997,FUNCINPEC,5,1,1,-0.0622023250241036,-7,9.26065318584977,4.0943445622221,0.0950000286102295,0.296923398971558,0.6931471824646,0,0,0,0,0,1
812,1989,LRM,12,0,1,0.0459879196742775,-7,8.31188955823036,4.02535169073515,0.480000019073486,0.599656701087952,3.60549783706665,0,0,0,0,0,1
820,1958,CPM,30,2,1,0.22859658798617,10,9.12401966550966,2.99573227355399,0.692700028419495,0.65152108669281,2.75366067886353,0,0,0,0,1,1
820,1963,CCO,47,0,1,0.457724389460845,10,9.26046298137939,2.63905732961526,0.692700028419495,0.65152108669281,2.75366067886353,0,0,0,0,1,0
820,1974,CPM,23,0,1,1.24108637891558,4,9.36306145899385,4.31748811353631,0.692700028419495,0.65152108669281,2.75366067886353,0,0,0,0,0,1
820,1981,CPM,11,0,1,1.53302014521552,4,9.55591392284374,4.49980967033027,0.692700028419495,0.65152108669281,2.75366067886353,0,0,0,0,0,1
840,1969,CPP,315,1,1,0.697859548169514,2,10.491051970521,4.00733318523247,0.299600005149841,0.745177149772644,3.10458660125732,0,0,0,0,0,1
840,1970,MIM,16,0,1,0.714427618777587,2,10.5100959716788,4.07753744390572,0.299600005149841,0.745177149772644,3.10458660125732,0,0,0,0,0,0
840,1972,MNLF,216,0,1,0.761316904887679,-9,10.5691093620313,4.12713438504509,0.299600005149841,0.745177149772644,3.10458660125732,1,0,0,0,0,0
840,1987,"Military faction (forces of Honasan, Abenina & Zumel)",4,0,1,0.854029518066905,8,10.9570327378349,4.65396035015752,0.299600005149841,0.745177149772644,3.10458660125732,0,1,0,0,0,1
840,1989,"Military faction (forces of Honasan, Abenina & Zumel)",12,0,1,0.932894287632394,8,11.0037152024721,4.71849887129509,0.299600005149841,0.745177149772644,3.10458660125732,0,1,0,0,0,1
840,1990,MILF,10,0,1,0.940059926036481,8,11.0264671976525,4.69134788222914,0.299600005149841,0.745177149772644,3.10458660125732,1,0,0,0,0,0
840,1993,MNLF,11,1,1,0.872860371891653,8,11.112179205562,4.67282883446191,0.299600005149841,0.745177149772644,3.10458660125732,1,0,0,0,0,0
840,1993,ASG,67,0,1,0.872860371891653,8,11.112179205562,4.67282883446191,0.299600005149841,0.745177149772644,3.10458660125732,1,0,0,0,0,0
840,1994,MILF,11,1,1,0.891582902756845,8,11.1363976067567,4.64439089914137,0.299600005149841,0.745177149772644,3.10458660125732,1,0,0,0,0,0
840,1996,MILF,119,0,1,0.947502099086769,8,11.1830176354066,4.63472898822964,0.299600005149841,0.745177149772644,3.10458660125732,1,0,0,0,0,0
840,1997,CPP,0,1,1,0.975665732276891,8,11.2054079646843,4.65396035015752,0.299600005149841,0.745177149772644,3.10458660125732,0,0,0,0,0,1
840,1999,CPP,123,2,1,0.987706807988613,8,11.2179367640027,4.67282883446191,0.299600005149841,0.745177149772644,3.10458660125732,0,0,0,0,0,1
840,2000,ASG,92,0,1,1.01075623340094,8,11.2380543144455,4.66343909411207,0.299600005149841,0.745177149772644,3.10458660125732,1,0,0,0,0,0
840,2001,MNLF - NM,2,2,1,1.01382463053029,8,11.2635149374053,4.67282883446191,0.299600005149841,0.745177149772644,3.10458660125732,0,0,0,0,0,0
840,2007,MILF,35,2,1,1.19524499758532,8,11.3930828097529,4.66343909411207,0.299600005149841,0.745177149772644,3.10458660125732,1,0,0,0,0,0
840,2007,MNLF - HM,7,0,1,1.19524499758532,8,11.3930828097529,4.66343909411207,0.299600005149841,0.745177149772644,3.10458660125732,0,0,0,0,0,0
850,1965,OPM,5,0,1,-0.282060953647873,-5,11.5684358548978,5.86078622346587,0.221599996089935,0.764058351516724,2.44234704971314,1,0,1,0,0,0
850,1967,OPM,35,0,1,-0.289470029401427,-7,11.6168529543362,5.84932477994686,0.221599996089935,0.764058351516724,2.44234704971314,1,0,1,0,0,0
850,1975,Fretilin,168,0,1,0.0804335941144745,-7,11.7791591566161,5.56068163101553,0.221599996089935,0.764058351516724,2.44234704971314,1,0,1,0,0,0
850,1976,OPM,35,0,1,0.124031276985076,-7,11.8020964284734,5.54907608489522,0.221599996089935,0.764058351516724,2.44234704971314,1,0,1,0,0,0
850,1981,OPM,11,0,1,0.389734328669152,-7,11.9271190356422,5.57972982598622,0.221599996089935,0.764058351516724,2.44234704971314,1,0,1,0,0,0
850,1990,GAM,18,0,1,0.751547359647361,-7,12.0978357749045,5.64544689764324,0.221599996089935,0.764058351516724,2.44234704971314,1,0,1,0,0,0
850,1992,Fretilin,11,0,1,0.87926091997028,-7,12.1253559607851,5.64544689764324,0.221599996089935,0.764058351516724,2.44234704971314,1,0,1,0,0,0
850,1997,Fretilin,23,1,1,1.1421255657498,-7,12.2054074243196,5.63478960316925,0.221599996089935,0.764058351516724,2.44234704971314,1,0,1,0,0,0
850,1999,GAM,81,1,1,0.963385253118415,6,12.2513088829288,5.69035945432406,0.221599996089935,0.764058351516724,2.44234704971314,1,0,1,0,0,0
